INSERT INTO usuarios (usr_id, usr_cod, usr_nombre, usr_apellido, usr_gmail, usr_nac, usr_telef, sexo, usr_altura, usr_rol, usr_estado) VALUES (1, 'usr1', 'Juan', 'Rojas', 'ejemplo1@gmail.com', '2000-08-12', '12313413', 'masculino', 180, 1, 1), (2, 'usr2', 'María', 'López', 'ejemplo2@gmail.com', '1995-05-20', '98765432', 'femenino', 165, 0, 1), (3, 'usr3', 'Pedro', 'García', 'ejemplo3@gmail.com', '1992-11-03', '45678901', 'masculino', 175, 1, 1), (4, 'usr4', 'Ana', 'Martínez', 'ejemplo4@gmail.com', '1988-03-15', '23456789', 'femenino', 160, 0, 1), (5, 'usr5', 'Luis', 'Gómez', 'ejemplo5@gmail.com', '1999-09-25', '98765432', 'masculino', 185, 1, 1);
INSERT INTO imc (Imc_id, Imc_fecha, Imc_registro, usr_id, Imc_estado) VALUES (1, '2022-04-04 12:30:00', 'Está en su peso normal', 3, 1), (2, '2023-01-15 09:45:00', 'Tiene sobrepeso', 1, 1), (3, '2022-09-08 15:20:00', 'Está por debajo de su peso ideal', 2, 1), (4, '2022-12-30 18:10:00', 'Está en su peso normal', 4, 1), (5, '2023-07-01 14:05:00', 'Tiene sobrepeso', 5, 1), (6, '2023-03-19 10:55:00', 'Está en su peso normal', 3, 1), (7, '2023-02-05 16:40:00', 'Está por debajo de su peso ideal', 4, 1), (8, '2023-05-22 11:15:00', 'Tiene sobrepeso', 2, 1), (9, '2022-08-12 17:25:00', 'Está en su peso normal', 5, 1), (10, '2022-11-29 13:50:00', 'Tiene sobrepeso', 1, 1);

-- Ingredientes 
INSERT INTO ingredientes (ingr_id, ingr_nombre, estado) VALUES (1, 'Carne de res', true), (2, 'Sal', true), (3, 'Pimienta', true), (4, 'Aceite de oliva', true), (5, 'Ajo', true), (6, 'Romero', true), (7, 'Tomillo', true), (8, 'Cebolla', true), (9, 'Vino tinto', true);
INSERT INTO ingredientes (ingr_id, ingr_nombre, estado) VALUES  (10, 'Harina de almendra', true), (11, 'Harina de avena', true), (12, 'Cacao en polvo', true), (13, 'Miel', true), (14, 'Mantequilla de maní', true), (15, 'Dátiles', true), (16, 'Nueces', true), (17, 'Plátano maduro', true), (18, 'Aceite de coco', true);
INSERT INTO ingredientes (ingr_id, ingr_nombre, estado) VALUES (19, 'Caldo de verduras', true), (20, 'Cebolla', true), (21, 'Ajo', true), (22, 'Zanahoria', true), (23, 'Apio', true), (24, 'Brócoli', true), (25, 'Espinacas', true), (26, 'Pimiento rojo', true), (27, 'Lentejas', true);
INSERT INTO ingredientes (ingr_id, ingr_nombre, estado) VALUES (28, 'Lechuga', true), (29, 'Tomate', true), (30, 'Pepino', true), (31, 'Aceitunas', true), (32, 'Cebolla morada', true), (33, 'Aceite de oliva', true), (34, 'Vinagre balsámico', true);
INSERT INTO ingredientes (ingr_id, ingr_nombre, estado) VALUES (35, 'Manzana', true), (36, 'Pera', true), (37, 'Naranja', true), (38, 'Limón', true), (39, 'Jengibre', true), (40, 'Menta', true), (41, 'Agua', true), (42, 'Hielo', true);
INSERT INTO ingredientes (ingr_id, ingr_nombre, estado) VALUES (43, 'Harina integral', true), (44, 'Levadura', true), (45, 'Semillas de chía', true), (46, 'Semillas de girasol', true), (47, 'Semillas de lino', true);

-- Recetas de carnes
INSERT INTO recetas (rect_id, rect_nombre, rect_categoria, rest_preparacion, rect_img, rect_estado) VALUES (1, 'Bistec a la parrilla', 'Carnes', 'Sazona los bistecs con sal y pimienta. Calienta la parrilla a fuego medio-alto. Asa los bistecs durante 3-4 minutos por cada lado. Retira los bistecs de la parrilla y déjalos reposar durante 5 minutos antes de servir.', 1, true), (2, 'Estofado de carne', 'Carnes', 'Calienta aceite de oliva en una olla grande. Agrega la carne y dórala por todos lados. Añade el ajo, la cebolla y las hierbas aromáticas. Vierte el vino tinto y deja que se evapore. Agrega agua, sal y pimienta. Cocina a fuego lento durante 2-3 horas hasta que la carne esté tierna.', 2, true), (3, 'Brochetas de carne y verduras', 'Carnes', 'Corta la carne en trozos y las verduras en cubos. Ensarta los trozos de carne y las verduras en brochetas. Sazona con sal, pimienta, ajo y hierbas al gusto. Asa las brochetas en la parrilla durante 10-15 minutos, volteándolas ocasionalmente. Sirve las brochetas calientes.', 3, true);
-- Relación recetas carnes
INSERT INTO recetas_ingredientes (rect_id, ingr_id) VALUES (1, 1), (1, 2), (1, 3), (2, 1), (2, 4), (2, 5), (2, 6), (2, 7), (2, 8), (2, 9), (3, 1), (3, 2), (3, 3), (3, 5), (3, 8);

-- Recetas de dulces
INSERT INTO recetas (rect_id, rect_nombre, rect_categoria, rest_preparacion, rect_img, rect_estado) VALUES (4, 'Brownies de almendra', 'Dulces', 'Precalienta el horno a 180°C. Mezcla la harina de almendra, el cacao en polvo y la miel. Agrega la mantequilla de maní y mezcla bien. Incorpora los dátiles y las nueces picadas. Vierte la mezcla en un molde y hornea durante 20-25 minutos. Deja enfriar antes de cortar en porciones.', 1, true), (5, 'Galletas de avena y plátano', 'Dulces', 'Tritura los plátanos maduros en un recipiente. Agrega la harina de avena y mezcla hasta obtener una masa homogénea. Añade las nueces picadas y el aceite de coco. Forma pequeñas galletas y colócalas en una bandeja. Hornea durante 15-20 minutos a 180°C. Deja enfriar antes de disfrutar.', 2, true),(6, 'Trufas de cacao y nueces', 'Dulces', 'Mezcla el cacao en polvo, las nueces trituradas y la miel en un recipiente. Forma pequeñas bolitas con la mezcla. Refrigera las trufas durante al menos 1 hora. Sirve frías y disfruta de estas deliciosas trufas.', 3, true);
-- Relaciones recetas dulces
INSERT INTO recetas_ingredientes (rect_id, ingr_id) VALUES (4, 10), (4, 12), (4, 13), (4, 14), (4, 15), (4, 16), (5, 11), (5, 17), (5, 16), (5, 18), (6, 12), (6, 16), (6, 13);

-- Recetas de sopas
INSERT INTO recetas (rect_id, rect_nombre, rect_categoria, rest_preparacion, rect_img, rect_estado) VALUES (7, 'Sopa de verduras', 'Sopas', 'En una olla, calienta el caldo de verduras. Agrega la cebolla, el ajo, la zanahoria y el apio picados. Cocina a fuego medio durante 10 minutos. Añade el brócoli, las espinacas y el pimiento rojo. Cocina por otros 5 minutos hasta que las verduras estén tiernas. Sirve caliente y disfruta de esta deliciosa sopa saludable.', 1, true), (8, 'Sopa de lentejas', 'Sopas', 'En una olla, cocina las lentejas en agua hirviendo hasta que estén tiernas. En otra olla, saltea la cebolla y el ajo picados en un poco de aceite. Agrega las lentejas cocidas y el caldo de verduras. Cocina a fuego medio durante 15-20 minutos. Condimenta al gusto con sal, pimienta y especias. Sirve caliente y disfruta de esta reconfortante sopa de lentejas.', 2, true), (9, 'Sopa cremosa de brócoli', 'Sopas', 'En una olla, cocina el brócoli en agua hirviendo hasta que esté tierno. En otra olla, saltea la cebolla y el ajo picados en un poco de aceite. Agrega el brócoli cocido y el caldo de verduras. Cocina a fuego medio durante 10 minutos. Tritura la sopa con una licuadora o procesadora de alimentos hasta obtener una consistencia cremosa. Sirve caliente y disfruta de esta deliciosa sopa cremosa de brócoli.', 3, true);
-- Relaciones recetas sopas
INSERT INTO recetas_ingredientes (rect_id, ingr_id) VALUES (7, 19), (7, 20), (7, 21), (7, 22), (7, 23), (7, 24), (7, 25), (7, 26), (8, 19), (8, 20), (8, 21), (8, 27), (9, 19), (9, 20), (9, 21), (9, 24);

-- Recetas de ensaladas
INSERT INTO recetas (rect_id, rect_nombre, rect_categoria, rest_preparacion, rect_img, rect_estado) VALUES (10, 'Ensalada César', 'Ensaladas', 'Lava y corta la lechuga en trozos. Agrega tomate, pepino y zanahoria picados. Añade aceitunas, pimiento rojo y cebolla morada en rodajas. Prepara un aderezo mezclando aceite de oliva, vinagre balsámico, sal y pimienta al gusto. Vierte el aderezo sobre la ensalada y mezcla bien. Sirve y disfruta de esta refrescante ensalada César.', 1, true), (11, 'Ensalada Caprese', 'Ensaladas', 'Corta tomates y mozzarella en rodajas. Lava y corta hojas de albahaca fresca. Alterna capas de tomate, mozzarella y albahaca en un plato. Rocía con aceite de oliva y vinagre balsámico. Espolvorea con sal y pimienta al gusto. Sirve y disfruta de esta deliciosa ensalada Caprese.', 2, true), (12, 'Ensalada Mediterránea', 'Ensaladas', 'Corta tomates, pepino y cebolla en rodajas. Agrega aceitunas y pimiento rojo picados. Mezcla todos los ingredientes en un tazón. Prepara un aderezo con aceite de oliva, vinagre balsámico, ajo picado, sal y pimienta. Vierte el aderezo sobre la ensalada y mezcla bien. Sirve y disfruta de esta sabrosa ensalada mediterránea.', 3, true);
-- Relaciones recetas ensaladas
INSERT INTO recetas_ingredientes (rect_id, ingr_id) VALUES (10, 28), (10, 29), (10, 30), (10, 22), (10, 31), (10, 26), (10, 32), (10, 33), (10, 34), (11, 29), (11, 31), (11, 33), (11, 34), (12, 29), (12, 30), (12, 31), (12, 26), (12, 32), (12, 33), (12, 34); 

-- Bebidas
INSERT INTO recetas (rect_id, rect_nombre, rect_categoria, rest_preparacion, rect_img, rect_estado) VALUES (13 ,'Jugo de manzana y jengibre', 'Bebidas', 'Lava y pela las manzanas, luego córtalas en trozos. Exprime el limón y ralla el jengibre. Coloca las manzanas, el limón y el jengibre rallado en una licuadora. Agrega agua y hielo según tu preferencia. Licua todo hasta obtener una mezcla suave y homogénea. Endulza con miel si lo deseas. Sirve y disfruta de este refrescante jugo de manzana y jengibre.', 1, true), (14, 'Batido de pera y menta', 'Bebidas', 'Lava y pela las peras, luego córtalas en trozos. Lava y corta las hojas de menta. Coloca las peras y las hojas de menta en una licuadora. Agrega agua y hielo según tu preferencia. Licua todo hasta obtener una mezcla suave y homogénea. Sirve y disfruta de este refrescante batido de pera y menta.', 2, true), (15, 'Jugo de naranja con jengibre', 'Bebidas', 'Exprime las naranjas para obtener el jugo fresco. Ralla el jengibre y agrégalo al jugo de naranja. Mezcla bien para combinar los sabores. Agrega hielo si lo deseas. Sirve y disfruta de este delicioso jugo de naranja con un toque de jengibre.', 3, true);
-- Relaciones bebidas
INSERT INTO recetas_ingredientes (rect_id, ingr_id) VALUES (13, 35), (13, 38), (13, 39), (13, 41), (13, 42), (13, 13), (14, 36), (14, 40), (14, 41), (14, 13), (15, 37), (15, 39), (15, 41), (15, 13);

-- Recetas de pan
INSERT INTO recetas (rect_id, rect_nombre, rect_categoria, rest_preparacion, rect_img, rect_estado) VALUES (16, 'Pan integral', 'Pan', 'Mezcla harina integral, levadura, agua y sal en un tazón grande. Amasa la mezcla hasta obtener una masa suave y elástica. Deja reposar la masa en un lugar cálido durante aproximadamente una hora hasta que duplique su tamaño. Precalienta el horno a una temperatura adecuada. Forma la masa en la forma deseada para el pan. Espolvorea semillas de chía, semillas de girasol, semillas de lino y nueces en la parte superior del pan. Hornea el pan en el horno durante el tiempo especificado. Retira el pan del horno y deja que se enfríe antes de cortarlo y disfrutarlo.', 1, true), (17, 'Pan de centeno', 'Pan', 'Mezcla harina integral de centeno, levadura, agua y sal en un tazón grande. Amasa la mezcla hasta obtener una masa suave y elástica. Deja reposar la masa en un lugar cálido durante aproximadamente una hora hasta que duplique su tamaño. Precalienta el horno a una temperatura adecuada. Forma la masa en la forma deseada para el pan. Espolvorea semillas de chía, semillas de girasol, semillas de lino y nueces en la parte superior del pan. Hornea el pan en el horno durante el tiempo especificado. Retira el pan del horno y deja que se enfríe antes de cortarlo y disfrutarlo.', 2, true), (18, 'Pan de zanahoria y nueces', 'Pan', 'Mezcla harina integral, zanahoria rallada, nueces picadas, levadura, agua, sal y aceite de oliva en un tazón grande. Amasa la mezcla hasta obtener una masa suave y elástica. Deja reposar la masa en un lugar cálido durante aproximadamente una hora hasta que duplique su tamaño. Precalienta el horno a una temperatura adecuada. Forma la masa en la forma deseada para el pan. Espolvorea semillas de chía, semillas de girasol, semillas de lino y nueces en la parte superior del pan. Hornea el pan en el horno durante el tiempo especificado. Retira el pan del horno y deja que se enfríe antes de cortarlo y disfrutarlo.', 3, true);
-- Relacion pan
INSERT INTO recetas_ingredientes (rect_id, ingr_id) VALUES (16, 43), (16, 44), (16, 41), (16, 2), (16, 33), (16, 45), (16, 46), (16, 47), (16, 9), (17, 16), (17, 44), (17, 41), (17, 2), (17, 33), (17, 45), (17, 46), (17, 47), (18, 43), (18, 44), (18, 41), (18, 2), (18, 33), (18, 45), (18, 9);

-- Testimonios
INSERT INTO testimonios (testimonio_id, testimonio_fecha, usr_id, testimonio_comentario, testimonio_img, testimonio_estado) VALUES (1, '2022-05-15', 1, '¡Me encanta esta página! Es fácil de usar y encuentro recetas deliciosas para preparar en casa. ¡Altamente recomendada!', 'masculino', true), (2, '2022-06-02', 2, 'La variedad de recetas disponibles es buena. Siempre encuentro algo nuevo.', 'femenino', true), (3, '2022-07-10', 3, 'He mejorado mis habilidades culinarias. Los videos y las instrucciones paso a paso son muy útiles.', 'masculino', true), (4, '2022-08-20', 4, 'Me encanta la variedad de recetas que encuentro. Siempre puedo encontrar algo delicioso para preparar.', 'femenino', true), (5, '2022-09-05', 5, 'Esta página me ha ayudado a mejorar mis habilidades en la cocina. Las recetas son claras y fáciles de seguir.', 'masculino', true), (6, '2022-10-12', 4, 'Recomiendo esta página a todos los amantes de la cocina. Es un buen recurso para encontrar inspiración y aprender nuevas recetas.', 'femenino', true);
